<?xml version="1.0" encoding="UTF-8"?>
<project-private xmlns="http://www.netbeans.org/ns/project-private/1">
    <editor-bookmarks xmlns="http://www.netbeans.org/ns/editor-bookmarks/2" lastBookmarkId="0"/>
    <open-files xmlns="http://www.netbeans.org/ns/projectui-open-files/2">
        <group>
            <file>file:/C:/Users/camil/OneDrive/Documentos/NetBeansProjects/Mediateca_POO/src/mediateca_poo/mediatecaDAL/Conexion.java</file>
            <file>file:/C:/Users/camil/OneDrive/Documentos/NetBeansProjects/Mediateca_POO/src/mediateca_poo/mediatecaBL/CMaterialAudiovisual.java</file>
            <file>file:/C:/Users/camil/OneDrive/Documentos/NetBeansProjects/Mediateca_POO/src/mediateca_poo/mediatecaBL/CLibro.java</file>
            <file>file:/C:/Users/camil/OneDrive/Documentos/NetBeansProjects/Mediateca_POO/src/mediateca_poo/mediatecaGUI/Inicio.java</file>
            <file>file:/C:/Users/camil/OneDrive/Documentos/NetBeansProjects/Mediateca_POO/src/mediateca_poo/mediatecaBL/CMaterial.java</file>
            <file>file:/C:/Users/camil/OneDrive/Documentos/NetBeansProjects/Mediateca_POO/src/mediateca_poo/mediatecaBL/CSeleccionarLibro.java</file>
            <file>file:/C:/Users/camil/OneDrive/Documentos/NetBeansProjects/Mediateca_POO/src/mediateca_poo/mediatecaBL/CMaterialEscrito.java</file>
            <file>file:/C:/Users/camil/OneDrive/Documentos/NetBeansProjects/Mediateca_POO/src/mediateca_poo/mediatecaBL/CMostrar.java</file>
            <file>file:/C:/Users/camil/OneDrive/Documentos/NetBeansProjects/Mediateca_POO/src/mediateca_poo/mediatecaGUI/Agregar.java</file>
            <file>file:/C:/Users/camil/OneDrive/Documentos/NetBeansProjects/Mediateca_POO/src/mediateca_poo/mediatecaBL/CBorrar.java</file>
            <file>file:/C:/Users/camil/OneDrive/Documentos/NetBeansProjects/Mediateca_POO/src/mediateca_poo/mediatecaGUI/InicioCD.java</file>
            <file>file:/C:/Users/camil/OneDrive/Documentos/NetBeansProjects/Mediateca_POO/src/mediateca_poo/mediatecaBL/CBuscar.java</file>
            <file>file:/C:/Users/camil/OneDrive/Documentos/NetBeansProjects/Mediateca_POO/src/mediateca_poo/mediatecaGUI/ModificarLibro.java</file>
            <file>file:/C:/Users/camil/OneDrive/Documentos/NetBeansProjects/Mediateca_POO/src/mediateca_poo/mediatecaGUI/StartUp.java</file>
        </group>
    </open-files>
</project-private>
